event_id,event_name,event_type,venue,zone,start,end,duration_h,attendance,attendance_missing,status
EVT-0002,Conference: Energy conference,conference,UN conference centre,Kazanchis,2025-01-09 08:00,2025-01-09 17:00,9.0,2290.0,0,confirmed
EVT-0004,Premier league match,football_match,Addis Ababa Stadium,Kazanchis,2025-01-19 15:00,2025-01-19 17:00,2.0,16007.0,0,confirmed
EVT-0005,Live concert,concert,Millennium Hall,Bole,2025-01-19 19:00,2025-01-19 23:00,4.0,5514.0,0,confirmed
EVT-0007,Premier league match,football_match,Addis Ababa Stadium,Kazanchis,2025-01-26 15:00,2025-01-26 17:00,2.0,34756.0,0,confirmed
EVT-0008,Conference: Education forum,conference,City hotel,Piassa,2025-01-31 08:00,2025-01-31 17:00,9.0,3559.0,0,confirmed
EVT-0010,Premier league match,football_match,Addis Ababa Stadium,Kazanchis,2025-02-02 15:00,2025-02-02 17:00,2.0,15596.0,0,confirmed
EVT-0011,Live concert,concert,Millennium Hall,Bole,2025-02-02 19:00,2025-02-02 23:00,4.0,4711.0,0,confirmed
EVT-0013,Conference: Energy conference,conference,UN conference centre,Kazanchis,2025-02-06 08:00,2025-02-06 17:00,9.0,1300.0,0,confirmed
EVT-0014,Premier league match,football_match,Addis Ababa Stadium,Kazanchis,2025-02-06 18:00,2025-02-06 20:00,2.0,34000.0,0,confirmed
EVT-0015,Live concert,concert,Millennium Hall,Bole,2025-02-08 19:00,2025-02-08 23:00,4.0,8100.0,0,confirmed
EVT-0016,Premier league match,football_match,Addis Ababa Stadium,Kazanchis,2025-02-10 19:00,2025-02-10 21:00,2.0,26870.0,0,confirmed
EVT-0017,Premier league match,football_match,Addis Ababa Stadium,Kazanchis,2025-02-15 15:00,2025-02-15 17:00,2.0,16665.0,0,confirmed
EVT-0018,Conference: Agriculture summit,conference,City hotel,Piassa,2025-02-19 08:00,2025-02-19 17:00,9.0,2039.0,0,confirmed
EVT-0019,Conference: Tech expo talks,conference,UN conference centre,Kazanchis,2025-02-20 08:00,2025-02-20 17:00,9.0,2723.0,0,confirmed
EVT-0020,Premier league match,football_match,Addis Ababa Stadium,Kazanchis,2025-02-22 15:00,2025-02-22 17:00,2.0,12655.0,0,cancelled
EVT-0025,Conference: Education forum,conference,UN conference centre,Kazanchis,2025-03-03 08:00,2025-03-03 17:00,9.0,3105.0,0,confirmed
EVT-0026,Conference: Fintech forum,conference,UN conference centre,Kazanchis,2025-03-03 08:00,2025-03-03 17:00,9.0,4389.0,0,confirmed
EVT-0028,Community fun run,sports_run,Meskel Square,Kazanchis,2025-03-09 06:00,2025-03-09 11:00,5.0,9659.0,0,confirmed
EVT-0029,Premier league match,football_match,Addis Ababa Stadium,Kazanchis,2025-03-10 18:00,2025-03-10 20:00,2.0,9820.0,0,confirmed
EVT-0031,Conference: Tech expo talks,conference,Convention hall,Bole,2025-03-12 08:00,2025-03-12 17:00,9.0,2624.0,0,confirmed
EVT-0032,Conference: Fintech forum,conference,UN conference centre,Kazanchis,2025-03-13 08:00,2025-03-13 17:00,9.0,3662.0,0,confirmed
EVT-0033,Conference: Tech expo talks,conference,UN conference centre,Kazanchis,2025-03-18 08:00,2025-03-18 17:00,9.0,375.0,0,confirmed
EVT-0034,Premier league match,football_match,Addis Ababa Stadium,Kazanchis,2025-03-18 19:00,2025-03-18 21:00,2.0,14008.0,0,confirmed
EVT-0035,Conference: Health congress,conference,UN conference centre,Kazanchis,2025-03-21 08:00,2025-03-21 17:00,9.0,2000.0,0,confirmed
EVT-0036,Conference: Agriculture summit,conference,UN conference centre,Kazanchis,2025-03-21 08:00,2025-03-21 17:00,9.0,700.0,0,confirmed
EVT-0039,Conference: Agriculture summit,conference,Convention hall,Bole,2025-03-28 08:00,2025-03-28 17:00,9.0,4765.0,0,confirmed
EVT-0041,Conference: Health congress,conference,UN conference centre,Kazanchis,2025-04-02 08:00,2025-04-02 17:00,9.0,4730.0,0,confirmed
EVT-0042,Conference: Health congress,conference,UN conference centre,Kazanchis,2025-04-03 08:00,2025-04-03 17:00,9.0,4061.0,0,cancelled
EVT-0043,Conference: Education forum,conference,City hotel,Piassa,2025-04-03 08:00,2025-04-03 17:00,9.0,4276.0,0,confirmed
EVT-0044,Conference: Tech expo talks,conference,UN conference centre,Kazanchis,2025-04-08 08:00,2025-04-08 17:00,9.0,4731.0,0,confirmed
EVT-0046,Premier league match,football_match,Addis Ababa Stadium,Kazanchis,2025-04-19 15:00,2025-04-19 17:00,2.0,24897.0,0,confirmed
EVT-0047,Live concert,concert,Millennium Hall,Bole,2025-04-19 20:00,2025-04-20 00:00,4.0,11610.0,0,confirmed
EVT-0050,Conference: Energy conference,conference,City hotel,Piassa,2025-04-21 08:00,2025-04-21 17:00,9.0,4593.0,0,confirmed
EVT-0051,Live concert,concert,Millennium Hall,Bole,2025-04-21 19:00,2025-04-21 23:00,4.0,3200.0,0,confirmed
EVT-0052,Premier league match,football_match,Addis Ababa Stadium,Kazanchis,2025-04-23 18:00,2025-04-23 20:00,2.0,28932.0,0,cancelled
EVT-0053,Live concert,concert,Millennium Hall,Bole,2025-04-26 19:00,2025-04-26 23:00,4.0,10666.0,0,confirmed
EVT-0054,Conference: Fintech forum,conference,Convention hall,Bole,2025-04-29 08:00,2025-04-29 17:00,9.0,821.0,0,confirmed
EVT-0056,Premier league match,football_match,Addis Ababa Stadium,Kazanchis,2025-05-02 19:00,2025-05-02 21:00,2.0,20970.0,0,confirmed
EVT-0058,Premier league match,football_match,Addis Ababa Stadium,Kazanchis,2025-05-03 15:00,2025-05-03 17:00,2.0,32897.0,0,cancelled
EVT-0064,Premier league match,football_match,Addis Ababa Stadium,Kazanchis,2025-05-10 15:00,2025-05-10 17:00,2.0,18964.0,0,confirmed
EVT-0066,Premier league match,football_match,Addis Ababa Stadium,Kazanchis,2025-05-13 18:00,2025-05-13 20:00,2.0,30176.0,0,confirmed
EVT-0068,Conference: Education forum,conference,UN conference centre,Kazanchis,2025-05-14 08:00,2025-05-14 17:00,9.0,1461.0,0,confirmed
EVT-0070,Conference: Fintech forum,conference,UN conference centre,Kazanchis,2025-05-16 08:00,2025-05-16 17:00,9.0,384.0,0,confirmed
EVT-0071,Live concert,concert,Millennium Hall,Bole,2025-05-18 20:00,2025-05-19 00:00,4.0,3688.0,0,confirmed
EVT-0072,Conference: Agriculture summit,conference,UN conference centre,Kazanchis,2025-05-22 08:00,2025-05-22 17:00,9.0,4383.0,0,confirmed
EVT-0073,Live concert,concert,Millennium Hall,Bole,2025-05-22 19:00,2025-05-22 23:00,4.0,5719.0,0,confirmed
EVT-0076,Live concert,concert,Millennium Hall,Bole,2025-05-24 20:00,2025-05-25 00:00,4.0,9330.0,0,confirmed
EVT-0077,Conference: Education forum,conference,UN conference centre,Kazanchis,2025-05-27 08:00,2025-05-27 17:00,9.0,3561.0,0,confirmed
EVT-0080,Conference: Education forum,conference,UN conference centre,Kazanchis,2025-06-06 08:00,2025-06-06 17:00,9.0,4142.0,0,confirmed
EVT-0082,Trade exhibition,exhibition,Exhibition centre,Bole,2025-06-08 10:00,2025-06-11 18:00,80.0,7756.0,0,confirmed
EVT-0083,Premier league match,football_match,Addis Ababa Stadium,Kazanchis,2025-06-08 15:00,2025-06-08 17:00,2.0,31083.0,0,confirmed
EVT-0084,Conference: Energy conference,conference,UN conference centre,Kazanchis,2025-06-10 08:00,2025-06-10 17:00,9.0,3698.0,0,confirmed
EVT-0085,Conference: Tech expo talks,conference,Convention hall,Bole,2025-06-11 08:00,2025-06-11 17:00,9.0,3477.0,0,confirmed
EVT-0086,Conference: Agriculture summit,conference,UN conference centre,Kazanchis,2025-06-12 08:00,2025-06-12 17:00,9.0,4652.0,0,confirmed
EVT-0087,Premier league match,football_match,Addis Ababa Stadium,Kazanchis,2025-06-15 15:00,2025-06-15 17:00,2.0,31140.0,0,confirmed
EVT-0089,Community fun run,sports_run,Meskel Square,Kazanchis,2025-06-22 06:00,2025-06-22 11:00,5.0,6530.0,0,confirmed
EVT-0090,Live concert,concert,Millennium Hall,Bole,2025-06-25 20:00,2025-06-26 00:00,4.0,6669.0,0,confirmed
EVT-0092,Conference: Health congress,conference,Convention hall,Bole,2025-06-27 08:00,2025-06-27 17:00,9.0,3212.0,0,confirmed
EVT-0093,Premier league match,football_match,Addis Ababa Stadium,Kazanchis,2025-06-29 15:00,2025-06-29 17:00,2.0,8339.0,0,confirmed
EVT-0094,Trade exhibition,exhibition,Exhibition centre,Bole,2025-06-30 10:00,2025-07-03 18:00,80.0,4854.0,0,confirmed
EVT-0095,Live concert,concert,Millennium Hall,Bole,2025-07-02 19:00,2025-07-02 23:00,4.0,4018.0,0,confirmed
EVT-0097,Live concert,concert,Millennium Hall,Bole,2025-07-12 19:00,2025-07-12 23:00,4.0,6522.0,0,confirmed
EVT-0098,Conference: Health congress,conference,UN conference centre,Kazanchis,2025-07-25 08:00,2025-07-25 17:00,9.0,2684.0,0,confirmed
EVT-0099,Live concert,concert,Millennium Hall,Bole,2025-07-28 20:00,2025-07-29 00:00,4.0,10975.0,0,cancelled
EVT-0100,Premier league match,football_match,Addis Ababa Stadium,Kazanchis,2025-08-09 15:00,2025-08-09 17:00,2.0,25227.0,0,confirmed
EVT-0101,Live concert,concert,Millennium Hall,Bole,2025-08-09 19:00,2025-08-09 23:00,4.0,9045.0,0,confirmed
EVT-0103,Live concert,concert,Millennium Hall,Bole,2025-08-10 19:00,2025-08-10 23:00,4.0,10640.0,0,confirmed
EVT-0105,Conference: Health congress,conference,UN conference centre,Kazanchis,2025-08-13 08:00,2025-08-13 17:00,9.0,1438.0,0,confirmed
EVT-0106,Premier league match,football_match,Addis Ababa Stadium,Kazanchis,2025-08-13 19:00,2025-08-13 21:00,2.0,30930.0,0,confirmed
EVT-0107,Live concert,concert,Millennium Hall,Bole,2025-08-16 20:00,2025-08-17 00:00,4.0,9098.0,0,confirmed
EVT-0109,Live concert,concert,Millennium Hall,Bole,2025-08-20 19:00,2025-08-20 23:00,4.0,7794.0,0,confirmed
EVT-0110,Premier league match,football_match,Addis Ababa Stadium,Kazanchis,2025-08-22 19:00,2025-08-22 21:00,2.0,10500.0,0,confirmed
EVT-0111,Trade exhibition,exhibition,Exhibition centre,Bole,2025-08-23 10:00,2025-08-27 18:00,104.0,9100.0,0,confirmed
EVT-0112,Live concert,concert,Millennium Hall,Bole,2025-08-27 19:00,2025-08-27 23:00,4.0,7892.0,0,confirmed
EVT-0113,Live concert,concert,Millennium Hall,Bole,2025-09-01 20:00,2025-09-02 00:00,4.0,10235.0,0,cancelled
EVT-0117,Live concert,concert,Millennium Hall,Bole,2025-09-06 20:00,2025-09-07 00:00,4.0,3744.0,0,confirmed
EVT-0119,Premier league match,football_match,Addis Ababa Stadium,Kazanchis,2025-09-10 18:00,2025-09-10 20:00,2.0,25794.0,0,confirmed
EVT-0120,Premier league match,football_match,Addis Ababa Stadium,Kazanchis,2025-09-10 19:00,2025-09-10 21:00,2.0,27732.0,0,confirmed
EVT-0122,Conference: Tech expo talks,conference,UN conference centre,Kazanchis,2025-09-12 08:00,2025-09-12 17:00,9.0,4828.0,0,confirmed
EVT-0123,Premier league match,football_match,Addis Ababa Stadium,Kazanchis,2025-09-14 15:00,2025-09-14 17:00,2.0,16782.0,0,confirmed
EVT-0124,Live concert,concert,Millennium Hall,Bole,2025-09-20 20:00,2025-09-21 00:00,4.0,7316.0,0,confirmed
EVT-0125,Premier league match,football_match,Addis Ababa Stadium,Kazanchis,2025-09-24 19:00,2025-09-24 21:00,2.0,23660.0,0,confirmed
EVT-0128,Live concert,concert,Millennium Hall,Bole,2025-09-27 20:00,2025-09-28 00:00,4.0,7089.0,0,confirmed
EVT-0129,Premier league match,football_match,Addis Ababa Stadium,Kazanchis,2025-09-28 15:00,2025-09-28 17:00,2.0,22720.0,0,confirmed
EVT-0130,Conference: Education forum,conference,UN conference centre,Kazanchis,2025-10-03 08:00,2025-10-03 17:00,9.0,1015.0,0,confirmed
EVT-0131,Premier league match,football_match,Addis Ababa Stadium,Kazanchis,2025-10-04 15:00,2025-10-04 17:00,2.0,28222.0,0,confirmed
EVT-0133,Premier league match,football_match,Addis Ababa Stadium,Kazanchis,2025-10-05 15:00,2025-10-05 17:00,2.0,11527.0,0,confirmed
EVT-0134,Conference: Health congress,conference,Convention hall,Bole,2025-10-06 08:00,2025-10-06 17:00,9.0,2063.0,0,confirmed
EVT-0137,Trade exhibition,exhibition,Exhibition centre,Bole,2025-10-10 10:00,2025-10-13 18:00,80.0,3986.0,0,confirmed
EVT-0138,Premier league match,football_match,Addis Ababa Stadium,Kazanchis,2025-10-11 15:00,2025-10-11 17:00,2.0,31500.0,0,confirmed
EVT-0139,Trade exhibition,exhibition,Exhibition centre,Bole,2025-10-12 10:00,2025-10-16 06:00,92.0,3502.0,0,confirmed
EVT-0140,Premier league match,football_match,Addis Ababa Stadium,Kazanchis,2025-10-12 15:00,2025-10-12 17:00,2.0,9911.0,0,confirmed
EVT-0145,Trade exhibition,exhibition,Exhibition centre,Bole,2025-10-18 10:00,2025-10-22 18:00,104.0,1418.0,0,confirmed
EVT-0146,Premier league match,football_match,Addis Ababa Stadium,Kazanchis,2025-10-18 15:00,2025-10-18 17:00,2.0,23019.0,0,confirmed
EVT-0147,Conference: Education forum,conference,UN conference centre,Kazanchis,2025-10-20 08:00,2025-10-20 17:00,9.0,3665.0,0,confirmed
EVT-0148,Premier league match,football_match,Addis Ababa Stadium,Kazanchis,2025-10-22 19:00,2025-10-22 21:00,2.0,18171.0,0,confirmed
EVT-0149,Premier league match,football_match,Addis Ababa Stadium,Kazanchis,2025-10-25 15:00,2025-10-25 17:00,2.0,32481.0,0,confirmed
EVT-0150,Live concert,concert,Millennium Hall,Bole,2025-10-26 19:00,2025-10-26 23:00,4.0,6200.0,0,confirmed
EVT-0151,Live concert,concert,Millennium Hall,Bole,2025-10-26 20:00,2025-10-27 00:00,4.0,6449.0,0,confirmed
EVT-0152,Conference: Health congress,conference,Convention hall,Bole,2025-10-31 08:00,2025-10-31 17:00,9.0,1250.0,0,confirmed
EVT-0153,Premier league match,football_match,Addis Ababa Stadium,Kazanchis,2025-11-02 15:00,2025-11-02 17:00,2.0,15207.0,0,confirmed
EVT-0154,Premier league match,football_match,Addis Ababa Stadium,Kazanchis,2025-11-03 19:00,2025-11-03 21:00,2.0,32000.0,0,confirmed
EVT-0156,Community fun run,sports_run,Meskel Square,Kazanchis,2025-11-09 06:00,2025-11-09 11:00,5.0,17716.0,0,confirmed
EVT-0157,Premier league match,football_match,Addis Ababa Stadium,Kazanchis,2025-11-09 15:00,2025-11-09 17:00,2.0,17799.0,0,confirmed
EVT-0001,Genna (Ethiopian Christmas),public_holiday,,Arat Kilo,2025-01-07 00:00,2025-01-07 23:59,23.983333333333334,0.0,1,confirmed
EVT-0001,Genna (Ethiopian Christmas),public_holiday,,Ayat,2025-01-07 00:00,2025-01-07 23:59,23.983333333333334,0.0,1,confirmed
EVT-0001,Genna (Ethiopian Christmas),public_holiday,,Bole,2025-01-07 00:00,2025-01-07 23:59,23.983333333333334,0.0,1,confirmed
EVT-0001,Genna (Ethiopian Christmas),public_holiday,,CMC,2025-01-07 00:00,2025-01-07 23:59,23.983333333333334,0.0,1,confirmed
EVT-0001,Genna (Ethiopian Christmas),public_holiday,,Gerji,2025-01-07 00:00,2025-01-07 23:59,23.983333333333334,0.0,1,confirmed
EVT-0001,Genna (Ethiopian Christmas),public_holiday,,Kazanchis,2025-01-07 00:00,2025-01-07 23:59,23.983333333333334,0.0,1,confirmed
EVT-0001,Genna (Ethiopian Christmas),public_holiday,,Kolfe,2025-01-07 00:00,2025-01-07 23:59,23.983333333333334,0.0,1,confirmed
EVT-0001,Genna (Ethiopian Christmas),public_holiday,,Lideta,2025-01-07 00:00,2025-01-07 23:59,23.983333333333334,0.0,1,confirmed
EVT-0001,Genna (Ethiopian Christmas),public_holiday,,Megenagna,2025-01-07 00:00,2025-01-07 23:59,23.983333333333334,0.0,1,confirmed
EVT-0001,Genna (Ethiopian Christmas),public_holiday,,Merkato,2025-01-07 00:00,2025-01-07 23:59,23.983333333333334,0.0,1,confirmed
EVT-0001,Genna (Ethiopian Christmas),public_holiday,,Piassa,2025-01-07 00:00,2025-01-07 23:59,23.983333333333334,0.0,1,confirmed
EVT-0001,Genna (Ethiopian Christmas),public_holiday,,Sarbet,2025-01-07 00:00,2025-01-07 23:59,23.983333333333334,0.0,1,confirmed
EVT-0003,Timkat (Epiphany),public_holiday,,Arat Kilo,2025-01-19 00:00,2025-01-19 23:59,23.983333333333334,0.0,1,confirmed
EVT-0003,Timkat (Epiphany),public_holiday,,Ayat,2025-01-19 00:00,2025-01-19 23:59,23.983333333333334,0.0,1,confirmed
EVT-0003,Timkat (Epiphany),public_holiday,,Bole,2025-01-19 00:00,2025-01-19 23:59,23.983333333333334,0.0,1,confirmed
EVT-0003,Timkat (Epiphany),public_holiday,,CMC,2025-01-19 00:00,2025-01-19 23:59,23.983333333333334,0.0,1,confirmed
EVT-0003,Timkat (Epiphany),public_holiday,,Gerji,2025-01-19 00:00,2025-01-19 23:59,23.983333333333334,0.0,1,confirmed
EVT-0003,Timkat (Epiphany),public_holiday,,Kazanchis,2025-01-19 00:00,2025-01-19 23:59,23.983333333333334,0.0,1,confirmed
EVT-0003,Timkat (Epiphany),public_holiday,,Kolfe,2025-01-19 00:00,2025-01-19 23:59,23.983333333333334,0.0,1,confirmed
EVT-0003,Timkat (Epiphany),public_holiday,,Lideta,2025-01-19 00:00,2025-01-19 23:59,23.983333333333334,0.0,1,confirmed
EVT-0003,Timkat (Epiphany),public_holiday,,Megenagna,2025-01-19 00:00,2025-01-19 23:59,23.983333333333334,0.0,1,confirmed
EVT-0003,Timkat (Epiphany),public_holiday,,Merkato,2025-01-19 00:00,2025-01-19 23:59,23.983333333333334,0.0,1,confirmed
EVT-0003,Timkat (Epiphany),public_holiday,,Piassa,2025-01-19 00:00,2025-01-19 23:59,23.983333333333334,0.0,1,confirmed
EVT-0003,Timkat (Epiphany),public_holiday,,Sarbet,2025-01-19 00:00,2025-01-19 23:59,23.983333333333334,0.0,1,confirmed
EVT-0006,Road closure (construction),road_closure,,Kolfe,2025-01-21 15:00,2025-01-22 06:00,15.0,0.0,1,confirmed
EVT-0012,Mid-year school break,school_break,,Arat Kilo,2025-02-03 00:00,2025-02-14 23:59,287.98333333333335,0.0,1,confirmed
EVT-0012,Mid-year school break,school_break,,Ayat,2025-02-03 00:00,2025-02-14 23:59,287.98333333333335,0.0,1,confirmed
EVT-0012,Mid-year school break,school_break,,Bole,2025-02-03 00:00,2025-02-14 23:59,287.98333333333335,0.0,1,confirmed
EVT-0012,Mid-year school break,school_break,,CMC,2025-02-03 00:00,2025-02-14 23:59,287.98333333333335,0.0,1,confirmed
EVT-0012,Mid-year school break,school_break,,Gerji,2025-02-03 00:00,2025-02-14 23:59,287.98333333333335,0.0,1,confirmed
EVT-0012,Mid-year school break,school_break,,Kazanchis,2025-02-03 00:00,2025-02-14 23:59,287.98333333333335,0.0,1,confirmed
EVT-0012,Mid-year school break,school_break,,Kolfe,2025-02-03 00:00,2025-02-14 23:59,287.98333333333335,0.0,1,confirmed
EVT-0012,Mid-year school break,school_break,,Lideta,2025-02-03 00:00,2025-02-14 23:59,287.98333333333335,0.0,1,confirmed
EVT-0012,Mid-year school break,school_break,,Megenagna,2025-02-03 00:00,2025-02-14 23:59,287.98333333333335,0.0,1,confirmed
EVT-0012,Mid-year school break,school_break,,Merkato,2025-02-03 00:00,2025-02-14 23:59,287.98333333333335,0.0,1,confirmed
EVT-0012,Mid-year school break,school_break,,Piassa,2025-02-03 00:00,2025-02-14 23:59,287.98333333333335,0.0,1,confirmed
EVT-0012,Mid-year school break,school_break,,Sarbet,2025-02-03 00:00,2025-02-14 23:59,287.98333333333335,0.0,1,confirmed
EVT-0022,Road closure (construction),road_closure,,Lideta,2025-02-28 05:00,2025-02-28 12:00,7.0,0.0,1,confirmed
EVT-0023,Adwa Victory Day,public_holiday,,Arat Kilo,2025-03-02 00:00,2025-03-02 23:59,23.983333333333334,0.0,1,confirmed
EVT-0023,Adwa Victory Day,public_holiday,,Ayat,2025-03-02 00:00,2025-03-02 23:59,23.983333333333334,0.0,1,confirmed
EVT-0023,Adwa Victory Day,public_holiday,,Bole,2025-03-02 00:00,2025-03-02 23:59,23.983333333333334,0.0,1,confirmed
EVT-0023,Adwa Victory Day,public_holiday,,CMC,2025-03-02 00:00,2025-03-02 23:59,23.983333333333334,0.0,1,confirmed
EVT-0023,Adwa Victory Day,public_holiday,,Gerji,2025-03-02 00:00,2025-03-02 23:59,23.983333333333334,0.0,1,confirmed
EVT-0023,Adwa Victory Day,public_holiday,,Kazanchis,2025-03-02 00:00,2025-03-02 23:59,23.983333333333334,0.0,1,confirmed
EVT-0023,Adwa Victory Day,public_holiday,,Kolfe,2025-03-02 00:00,2025-03-02 23:59,23.983333333333334,0.0,1,confirmed
EVT-0023,Adwa Victory Day,public_holiday,,Lideta,2025-03-02 00:00,2025-03-02 23:59,23.983333333333334,0.0,1,confirmed
EVT-0023,Adwa Victory Day,public_holiday,,Megenagna,2025-03-02 00:00,2025-03-02 23:59,23.983333333333334,0.0,1,confirmed
EVT-0023,Adwa Victory Day,public_holiday,,Merkato,2025-03-02 00:00,2025-03-02 23:59,23.983333333333334,0.0,1,confirmed
EVT-0023,Adwa Victory Day,public_holiday,,Piassa,2025-03-02 00:00,2025-03-02 23:59,23.983333333333334,0.0,1,confirmed
EVT-0023,Adwa Victory Day,public_holiday,,Sarbet,2025-03-02 00:00,2025-03-02 23:59,23.983333333333334,0.0,1,confirmed
EVT-0024,Premier league match,football_match,Addis Ababa Stadium,Kazanchis,2025-03-02 15:00,2025-03-02 17:00,2.0,23339.5,1,confirmed
EVT-0027,Premier league match,football_match,Addis Ababa Stadium,Kazanchis,2025-03-08 15:00,2025-03-08 17:00,2.0,23339.5,1,confirmed
EVT-0030,Road closure (construction),road_closure,,CMC,2025-03-11 08:00,2025-03-11 18:00,10.0,0.0,1,confirmed
EVT-0037,Road closure (construction),road_closure,,Megenagna,2025-03-22 12:00,2025-03-23 02:00,14.0,0.0,1,confirmed
EVT-0038,Road closure (construction),road_closure,,Piassa,2025-03-26 08:00,2025-03-26 19:00,11.0,0.0,1,confirmed
EVT-0040,Eid al-Fitr,public_holiday,,Arat Kilo,2025-03-31 00:00,2025-03-31 23:59,23.983333333333334,0.0,1,confirmed
EVT-0040,Eid al-Fitr,public_holiday,,Ayat,2025-03-31 00:00,2025-03-31 23:59,23.983333333333334,0.0,1,confirmed
EVT-0040,Eid al-Fitr,public_holiday,,Bole,2025-03-31 00:00,2025-03-31 23:59,23.983333333333334,0.0,1,confirmed
EVT-0040,Eid al-Fitr,public_holiday,,CMC,2025-03-31 00:00,2025-03-31 23:59,23.983333333333334,0.0,1,confirmed
EVT-0040,Eid al-Fitr,public_holiday,,Gerji,2025-03-31 00:00,2025-03-31 23:59,23.983333333333334,0.0,1,confirmed
EVT-0040,Eid al-Fitr,public_holiday,,Kazanchis,2025-03-31 00:00,2025-03-31 23:59,23.983333333333334,0.0,1,confirmed
EVT-0040,Eid al-Fitr,public_holiday,,Kolfe,2025-03-31 00:00,2025-03-31 23:59,23.983333333333334,0.0,1,confirmed
EVT-0040,Eid al-Fitr,public_holiday,,Lideta,2025-03-31 00:00,2025-03-31 23:59,23.983333333333334,0.0,1,confirmed
EVT-0040,Eid al-Fitr,public_holiday,,Megenagna,2025-03-31 00:00,2025-03-31 23:59,23.983333333333334,0.0,1,confirmed
EVT-0040,Eid al-Fitr,public_holiday,,Merkato,2025-03-31 00:00,2025-03-31 23:59,23.983333333333334,0.0,1,confirmed
EVT-0040,Eid al-Fitr,public_holiday,,Piassa,2025-03-31 00:00,2025-03-31 23:59,23.983333333333334,0.0,1,confirmed
EVT-0040,Eid al-Fitr,public_holiday,,Sarbet,2025-03-31 00:00,2025-03-31 23:59,23.983333333333334,0.0,1,confirmed
EVT-0045,Good Friday,public_holiday,,Arat Kilo,2025-04-18 00:00,2025-04-18 23:59,23.983333333333334,0.0,1,confirmed
EVT-0045,Good Friday,public_holiday,,Ayat,2025-04-18 00:00,2025-04-18 23:59,23.983333333333334,0.0,1,confirmed
EVT-0045,Good Friday,public_holiday,,Bole,2025-04-18 00:00,2025-04-18 23:59,23.983333333333334,0.0,1,confirmed
EVT-0045,Good Friday,public_holiday,,CMC,2025-04-18 00:00,2025-04-18 23:59,23.983333333333334,0.0,1,confirmed
EVT-0045,Good Friday,public_holiday,,Gerji,2025-04-18 00:00,2025-04-18 23:59,23.983333333333334,0.0,1,confirmed
EVT-0045,Good Friday,public_holiday,,Kazanchis,2025-04-18 00:00,2025-04-18 23:59,23.983333333333334,0.0,1,confirmed
EVT-0045,Good Friday,public_holiday,,Kolfe,2025-04-18 00:00,2025-04-18 23:59,23.983333333333334,0.0,1,confirmed
EVT-0045,Good Friday,public_holiday,,Lideta,2025-04-18 00:00,2025-04-18 23:59,23.983333333333334,0.0,1,confirmed
EVT-0045,Good Friday,public_holiday,,Megenagna,2025-04-18 00:00,2025-04-18 23:59,23.983333333333334,0.0,1,confirmed
EVT-0045,Good Friday,public_holiday,,Merkato,2025-04-18 00:00,2025-04-18 23:59,23.983333333333334,0.0,1,confirmed
EVT-0045,Good Friday,public_holiday,,Piassa,2025-04-18 00:00,2025-04-18 23:59,23.983333333333334,0.0,1,confirmed
EVT-0045,Good Friday,public_holiday,,Sarbet,2025-04-18 00:00,2025-04-18 23:59,23.983333333333334,0.0,1,confirmed
EVT-0048,Fasika (Ethiopian Easter),public_holiday,,Arat Kilo,2025-04-20 00:00,2025-04-20 23:59,23.983333333333334,0.0,1,confirmed
EVT-0048,Fasika (Ethiopian Easter),public_holiday,,Ayat,2025-04-20 00:00,2025-04-20 23:59,23.983333333333334,0.0,1,confirmed
EVT-0048,Fasika (Ethiopian Easter),public_holiday,,Bole,2025-04-20 00:00,2025-04-20 23:59,23.983333333333334,0.0,1,confirmed
EVT-0048,Fasika (Ethiopian Easter),public_holiday,,CMC,2025-04-20 00:00,2025-04-20 23:59,23.983333333333334,0.0,1,confirmed
EVT-0048,Fasika (Ethiopian Easter),public_holiday,,Gerji,2025-04-20 00:00,2025-04-20 23:59,23.983333333333334,0.0,1,confirmed
EVT-0048,Fasika (Ethiopian Easter),public_holiday,,Kazanchis,2025-04-20 00:00,2025-04-20 23:59,23.983333333333334,0.0,1,confirmed
EVT-0048,Fasika (Ethiopian Easter),public_holiday,,Kolfe,2025-04-20 00:00,2025-04-20 23:59,23.983333333333334,0.0,1,confirmed
EVT-0048,Fasika (Ethiopian Easter),public_holiday,,Lideta,2025-04-20 00:00,2025-04-20 23:59,23.983333333333334,0.0,1,confirmed
EVT-0048,Fasika (Ethiopian Easter),public_holiday,,Megenagna,2025-04-20 00:00,2025-04-20 23:59,23.983333333333334,0.0,1,confirmed
EVT-0048,Fasika (Ethiopian Easter),public_holiday,,Merkato,2025-04-20 00:00,2025-04-20 23:59,23.983333333333334,0.0,1,confirmed
EVT-0048,Fasika (Ethiopian Easter),public_holiday,,Piassa,2025-04-20 00:00,2025-04-20 23:59,23.983333333333334,0.0,1,confirmed
EVT-0048,Fasika (Ethiopian Easter),public_holiday,,Sarbet,2025-04-20 00:00,2025-04-20 23:59,23.983333333333334,0.0,1,confirmed
EVT-0049,Road closure (construction),road_closure,,Ayat,2025-04-21 08:00,2025-04-21 18:00,10.0,0.0,1,confirmed
EVT-0049,Road closure (construction),road_closure,,Lideta,2025-04-21 08:00,2025-04-21 18:00,10.0,0.0,1,confirmed
EVT-0055,International Labour Day,public_holiday,,Arat Kilo,2025-05-01 00:00,2025-05-01 23:59,23.983333333333334,0.0,1,confirmed
EVT-0055,International Labour Day,public_holiday,,Ayat,2025-05-01 00:00,2025-05-01 23:59,23.983333333333334,0.0,1,confirmed
EVT-0055,International Labour Day,public_holiday,,Bole,2025-05-01 00:00,2025-05-01 23:59,23.983333333333334,0.0,1,confirmed
EVT-0055,International Labour Day,public_holiday,,CMC,2025-05-01 00:00,2025-05-01 23:59,23.983333333333334,0.0,1,confirmed
EVT-0055,International Labour Day,public_holiday,,Gerji,2025-05-01 00:00,2025-05-01 23:59,23.983333333333334,0.0,1,confirmed
EVT-0055,International Labour Day,public_holiday,,Kazanchis,2025-05-01 00:00,2025-05-01 23:59,23.983333333333334,0.0,1,confirmed
EVT-0055,International Labour Day,public_holiday,,Kolfe,2025-05-01 00:00,2025-05-01 23:59,23.983333333333334,0.0,1,confirmed
EVT-0055,International Labour Day,public_holiday,,Lideta,2025-05-01 00:00,2025-05-01 23:59,23.983333333333334,0.0,1,confirmed
EVT-0055,International Labour Day,public_holiday,,Megenagna,2025-05-01 00:00,2025-05-01 23:59,23.983333333333334,0.0,1,confirmed
EVT-0055,International Labour Day,public_holiday,,Merkato,2025-05-01 00:00,2025-05-01 23:59,23.983333333333334,0.0,1,confirmed
EVT-0055,International Labour Day,public_holiday,,Piassa,2025-05-01 00:00,2025-05-01 23:59,23.983333333333334,0.0,1,confirmed
EVT-0055,International Labour Day,public_holiday,,Sarbet,2025-05-01 00:00,2025-05-01 23:59,23.983333333333334,0.0,1,confirmed
EVT-0057,Trade exhibition,exhibition,Exhibition centre,Bole,2025-05-03 10:00,2025-05-07 18:00,104.0,4420.0,1,confirmed
EVT-0059,Road closure (construction),road_closure,,Ayat,2025-05-04 08:00,2025-05-04 18:00,10.0,0.0,1,confirmed
EVT-0060,Premier league match,football_match,Addis Ababa Stadium,Kazanchis,2025-05-04 15:00,2025-05-04 17:00,2.0,23339.5,1,confirmed
EVT-0061,Patriots' Victory Day,public_holiday,,Arat Kilo,2025-05-05 00:00,2025-05-05 23:59,23.983333333333334,0.0,1,confirmed
EVT-0061,Patriots' Victory Day,public_holiday,,Ayat,2025-05-05 00:00,2025-05-05 23:59,23.983333333333334,0.0,1,confirmed
EVT-0061,Patriots' Victory Day,public_holiday,,Bole,2025-05-05 00:00,2025-05-05 23:59,23.983333333333334,0.0,1,confirmed
EVT-0061,Patriots' Victory Day,public_holiday,,CMC,2025-05-05 00:00,2025-05-05 23:59,23.983333333333334,0.0,1,confirmed
EVT-0061,Patriots' Victory Day,public_holiday,,Gerji,2025-05-05 00:00,2025-05-05 23:59,23.983333333333334,0.0,1,confirmed
EVT-0061,Patriots' Victory Day,public_holiday,,Kazanchis,2025-05-05 00:00,2025-05-05 23:59,23.983333333333334,0.0,1,confirmed
EVT-0061,Patriots' Victory Day,public_holiday,,Kolfe,2025-05-05 00:00,2025-05-05 23:59,23.983333333333334,0.0,1,confirmed
EVT-0061,Patriots' Victory Day,public_holiday,,Lideta,2025-05-05 00:00,2025-05-05 23:59,23.983333333333334,0.0,1,confirmed
EVT-0061,Patriots' Victory Day,public_holiday,,Megenagna,2025-05-05 00:00,2025-05-05 23:59,23.983333333333334,0.0,1,confirmed
EVT-0061,Patriots' Victory Day,public_holiday,,Merkato,2025-05-05 00:00,2025-05-05 23:59,23.983333333333334,0.0,1,confirmed
EVT-0061,Patriots' Victory Day,public_holiday,,Piassa,2025-05-05 00:00,2025-05-05 23:59,23.983333333333334,0.0,1,confirmed
EVT-0061,Patriots' Victory Day,public_holiday,,Sarbet,2025-05-05 00:00,2025-05-05 23:59,23.983333333333334,0.0,1,confirmed
EVT-0062,Road closure (construction),road_closure,,Arat Kilo,2025-05-08 08:00,2025-05-08 18:00,10.0,0.0,1,confirmed
EVT-0065,Live concert,concert,Millennium Hall,Bole,2025-05-10 19:00,2025-05-10 23:00,4.0,7202.5,1,confirmed
EVT-0067,Premier league match,football_match,Addis Ababa Stadium,Kazanchis,2025-05-13 19:00,2025-05-13 21:00,2.0,23339.5,1,confirmed
EVT-0069,Road closure (construction),road_closure,,CMC,2025-05-14 13:00,2025-05-15 03:00,14.0,0.0,1,confirmed
EVT-0074,Road closure (construction),road_closure,,Lideta,2025-05-24 08:00,2025-05-24 18:00,10.0,0.0,1,confirmed
EVT-0075,Road closure (construction),road_closure,,Ayat,2025-05-24 09:00,2025-05-25 09:00,24.0,0.0,1,confirmed
EVT-0078,Downfall of the Derg,public_holiday,,Arat Kilo,2025-05-28 00:00,2025-05-28 23:59,23.983333333333334,0.0,1,confirmed
EVT-0078,Downfall of the Derg,public_holiday,,Ayat,2025-05-28 00:00,2025-05-28 23:59,23.983333333333334,0.0,1,confirmed
EVT-0078,Downfall of the Derg,public_holiday,,Bole,2025-05-28 00:00,2025-05-28 23:59,23.983333333333334,0.0,1,confirmed
EVT-0078,Downfall of the Derg,public_holiday,,CMC,2025-05-28 00:00,2025-05-28 23:59,23.983333333333334,0.0,1,confirmed
EVT-0078,Downfall of the Derg,public_holiday,,Gerji,2025-05-28 00:00,2025-05-28 23:59,23.983333333333334,0.0,1,confirmed
EVT-0078,Downfall of the Derg,public_holiday,,Kazanchis,2025-05-28 00:00,2025-05-28 23:59,23.983333333333334,0.0,1,confirmed
EVT-0078,Downfall of the Derg,public_holiday,,Kolfe,2025-05-28 00:00,2025-05-28 23:59,23.983333333333334,0.0,1,confirmed
EVT-0078,Downfall of the Derg,public_holiday,,Lideta,2025-05-28 00:00,2025-05-28 23:59,23.983333333333334,0.0,1,confirmed
EVT-0078,Downfall of the Derg,public_holiday,,Megenagna,2025-05-28 00:00,2025-05-28 23:59,23.983333333333334,0.0,1,confirmed
EVT-0078,Downfall of the Derg,public_holiday,,Merkato,2025-05-28 00:00,2025-05-28 23:59,23.983333333333334,0.0,1,confirmed
EVT-0078,Downfall of the Derg,public_holiday,,Piassa,2025-05-28 00:00,2025-05-28 23:59,23.983333333333334,0.0,1,confirmed
EVT-0078,Downfall of the Derg,public_holiday,,Sarbet,2025-05-28 00:00,2025-05-28 23:59,23.983333333333334,0.0,1,confirmed
EVT-0079,Eid al-Adha,public_holiday,,Arat Kilo,2025-06-06 00:00,2025-06-06 23:59,23.983333333333334,0.0,1,confirmed
EVT-0079,Eid al-Adha,public_holiday,,Ayat,2025-06-06 00:00,2025-06-06 23:59,23.983333333333334,0.0,1,confirmed
EVT-0079,Eid al-Adha,public_holiday,,Bole,2025-06-06 00:00,2025-06-06 23:59,23.983333333333334,0.0,1,confirmed
EVT-0079,Eid al-Adha,public_holiday,,CMC,2025-06-06 00:00,2025-06-06 23:59,23.983333333333334,0.0,1,confirmed
EVT-0079,Eid al-Adha,public_holiday,,Gerji,2025-06-06 00:00,2025-06-06 23:59,23.983333333333334,0.0,1,confirmed
EVT-0079,Eid al-Adha,public_holiday,,Kazanchis,2025-06-06 00:00,2025-06-06 23:59,23.983333333333334,0.0,1,confirmed
EVT-0079,Eid al-Adha,public_holiday,,Kolfe,2025-06-06 00:00,2025-06-06 23:59,23.983333333333334,0.0,1,confirmed
EVT-0079,Eid al-Adha,public_holiday,,Lideta,2025-06-06 00:00,2025-06-06 23:59,23.983333333333334,0.0,1,confirmed
EVT-0079,Eid al-Adha,public_holiday,,Megenagna,2025-06-06 00:00,2025-06-06 23:59,23.983333333333334,0.0,1,confirmed
EVT-0079,Eid al-Adha,public_holiday,,Merkato,2025-06-06 00:00,2025-06-06 23:59,23.983333333333334,0.0,1,confirmed
EVT-0079,Eid al-Adha,public_holiday,,Piassa,2025-06-06 00:00,2025-06-06 23:59,23.983333333333334,0.0,1,confirmed
EVT-0079,Eid al-Adha,public_holiday,,Sarbet,2025-06-06 00:00,2025-06-06 23:59,23.983333333333334,0.0,1,confirmed
EVT-0081,Road closure (construction),road_closure,,Ayat,2025-06-07 08:00,2025-06-07 18:00,10.0,0.0,1,confirmed
EVT-0088,Premier league match,football_match,Addis Ababa Stadium,Kazanchis,2025-06-21 15:00,2025-06-21 17:00,2.0,23339.5,1,confirmed
EVT-0091,Road closure (construction),road_closure,,Bole,2025-06-26 08:00,2025-06-26 18:00,10.0,0.0,1,confirmed
EVT-0096,Summer school break,school_break,,Arat Kilo,2025-07-07 00:00,2025-08-31 23:59,1343.9833333333333,0.0,1,confirmed
EVT-0096,Summer school break,school_break,,Ayat,2025-07-07 00:00,2025-08-31 23:59,1343.9833333333333,0.0,1,confirmed
EVT-0096,Summer school break,school_break,,Bole,2025-07-07 00:00,2025-08-31 23:59,1343.9833333333333,0.0,1,confirmed
EVT-0096,Summer school break,school_break,,CMC,2025-07-07 00:00,2025-08-31 23:59,1343.9833333333333,0.0,1,confirmed
EVT-0096,Summer school break,school_break,,Gerji,2025-07-07 00:00,2025-08-31 23:59,1343.9833333333333,0.0,1,confirmed
EVT-0096,Summer school break,school_break,,Kazanchis,2025-07-07 00:00,2025-08-31 23:59,1343.9833333333333,0.0,1,confirmed
EVT-0096,Summer school break,school_break,,Kolfe,2025-07-07 00:00,2025-08-31 23:59,1343.9833333333333,0.0,1,confirmed
EVT-0096,Summer school break,school_break,,Lideta,2025-07-07 00:00,2025-08-31 23:59,1343.9833333333333,0.0,1,confirmed
EVT-0096,Summer school break,school_break,,Megenagna,2025-07-07 00:00,2025-08-31 23:59,1343.9833333333333,0.0,1,confirmed
EVT-0096,Summer school break,school_break,,Merkato,2025-07-07 00:00,2025-08-31 23:59,1343.9833333333333,0.0,1,confirmed
EVT-0096,Summer school break,school_break,,Piassa,2025-07-07 00:00,2025-08-31 23:59,1343.9833333333333,0.0,1,confirmed
EVT-0096,Summer school break,school_break,,Sarbet,2025-07-07 00:00,2025-08-31 23:59,1343.9833333333333,0.0,1,confirmed
EVT-0102,Road closure (construction),road_closure,,Kazanchis,2025-08-10 08:00,2025-08-10 18:00,10.0,0.0,1,confirmed
EVT-0102,Road closure (construction),road_closure,,Arat Kilo,2025-08-10 08:00,2025-08-10 18:00,10.0,0.0,1,confirmed
EVT-0104,Road closure (construction),road_closure,,Kolfe,2025-08-13 07:00,2025-08-14 06:00,23.0,0.0,1,confirmed
EVT-0108,Road closure (construction),road_closure,,Piassa,2025-08-18 14:00,2025-08-19 02:00,12.0,0.0,1,confirmed
EVT-0115,Mawlid,public_holiday,,Arat Kilo,2025-09-04 00:00,2025-09-04 23:59,23.983333333333334,0.0,1,confirmed
EVT-0115,Mawlid,public_holiday,,Ayat,2025-09-04 00:00,2025-09-04 23:59,23.983333333333334,0.0,1,confirmed
EVT-0115,Mawlid,public_holiday,,Bole,2025-09-04 00:00,2025-09-04 23:59,23.983333333333334,0.0,1,confirmed
EVT-0115,Mawlid,public_holiday,,CMC,2025-09-04 00:00,2025-09-04 23:59,23.983333333333334,0.0,1,confirmed
EVT-0115,Mawlid,public_holiday,,Gerji,2025-09-04 00:00,2025-09-04 23:59,23.983333333333334,0.0,1,confirmed
EVT-0115,Mawlid,public_holiday,,Kazanchis,2025-09-04 00:00,2025-09-04 23:59,23.983333333333334,0.0,1,confirmed
EVT-0115,Mawlid,public_holiday,,Kolfe,2025-09-04 00:00,2025-09-04 23:59,23.983333333333334,0.0,1,confirmed
EVT-0115,Mawlid,public_holiday,,Lideta,2025-09-04 00:00,2025-09-04 23:59,23.983333333333334,0.0,1,confirmed
EVT-0115,Mawlid,public_holiday,,Megenagna,2025-09-04 00:00,2025-09-04 23:59,23.983333333333334,0.0,1,confirmed
EVT-0115,Mawlid,public_holiday,,Merkato,2025-09-04 00:00,2025-09-04 23:59,23.983333333333334,0.0,1,confirmed
EVT-0115,Mawlid,public_holiday,,Piassa,2025-09-04 00:00,2025-09-04 23:59,23.983333333333334,0.0,1,confirmed
EVT-0115,Mawlid,public_holiday,,Sarbet,2025-09-04 00:00,2025-09-04 23:59,23.983333333333334,0.0,1,confirmed
EVT-0116,Road closure (construction),road_closure,,Arat Kilo,2025-09-04 03:00,2025-09-04 22:00,19.0,0.0,1,confirmed
EVT-0116,Road closure (construction),road_closure,,Sarbet,2025-09-04 03:00,2025-09-04 22:00,19.0,0.0,1,confirmed
EVT-0118,Conference: Tech expo talks,conference,UN conference centre,Kazanchis,2025-09-09 08:00,2025-09-09 17:00,9.0,3212.0,1,confirmed
EVT-0121,Enkutatash (Ethiopian New Year),public_holiday,,Arat Kilo,2025-09-11 00:00,2025-09-11 23:59,23.983333333333334,0.0,1,confirmed
EVT-0121,Enkutatash (Ethiopian New Year),public_holiday,,Ayat,2025-09-11 00:00,2025-09-11 23:59,23.983333333333334,0.0,1,confirmed
EVT-0121,Enkutatash (Ethiopian New Year),public_holiday,,Bole,2025-09-11 00:00,2025-09-11 23:59,23.983333333333334,0.0,1,confirmed
EVT-0121,Enkutatash (Ethiopian New Year),public_holiday,,CMC,2025-09-11 00:00,2025-09-11 23:59,23.983333333333334,0.0,1,confirmed
EVT-0121,Enkutatash (Ethiopian New Year),public_holiday,,Gerji,2025-09-11 00:00,2025-09-11 23:59,23.983333333333334,0.0,1,confirmed
EVT-0121,Enkutatash (Ethiopian New Year),public_holiday,,Kazanchis,2025-09-11 00:00,2025-09-11 23:59,23.983333333333334,0.0,1,confirmed
EVT-0121,Enkutatash (Ethiopian New Year),public_holiday,,Kolfe,2025-09-11 00:00,2025-09-11 23:59,23.983333333333334,0.0,1,confirmed
EVT-0121,Enkutatash (Ethiopian New Year),public_holiday,,Lideta,2025-09-11 00:00,2025-09-11 23:59,23.983333333333334,0.0,1,confirmed
EVT-0121,Enkutatash (Ethiopian New Year),public_holiday,,Megenagna,2025-09-11 00:00,2025-09-11 23:59,23.983333333333334,0.0,1,confirmed
EVT-0121,Enkutatash (Ethiopian New Year),public_holiday,,Merkato,2025-09-11 00:00,2025-09-11 23:59,23.983333333333334,0.0,1,confirmed
EVT-0121,Enkutatash (Ethiopian New Year),public_holiday,,Piassa,2025-09-11 00:00,2025-09-11 23:59,23.983333333333334,0.0,1,confirmed
EVT-0121,Enkutatash (Ethiopian New Year),public_holiday,,Sarbet,2025-09-11 00:00,2025-09-11 23:59,23.983333333333334,0.0,1,confirmed
EVT-0126,Meskel (Finding of the True Cross),public_holiday,,Arat Kilo,2025-09-27 00:00,2025-09-27 23:59,23.983333333333334,0.0,1,confirmed
EVT-0126,Meskel (Finding of the True Cross),public_holiday,,Ayat,2025-09-27 00:00,2025-09-27 23:59,23.983333333333334,0.0,1,confirmed
EVT-0126,Meskel (Finding of the True Cross),public_holiday,,Bole,2025-09-27 00:00,2025-09-27 23:59,23.983333333333334,0.0,1,confirmed
EVT-0126,Meskel (Finding of the True Cross),public_holiday,,CMC,2025-09-27 00:00,2025-09-27 23:59,23.983333333333334,0.0,1,confirmed
EVT-0126,Meskel (Finding of the True Cross),public_holiday,,Gerji,2025-09-27 00:00,2025-09-27 23:59,23.983333333333334,0.0,1,confirmed
EVT-0126,Meskel (Finding of the True Cross),public_holiday,,Kazanchis,2025-09-27 00:00,2025-09-27 23:59,23.983333333333334,0.0,1,confirmed
EVT-0126,Meskel (Finding of the True Cross),public_holiday,,Kolfe,2025-09-27 00:00,2025-09-27 23:59,23.983333333333334,0.0,1,confirmed
EVT-0126,Meskel (Finding of the True Cross),public_holiday,,Lideta,2025-09-27 00:00,2025-09-27 23:59,23.983333333333334,0.0,1,confirmed
EVT-0126,Meskel (Finding of the True Cross),public_holiday,,Megenagna,2025-09-27 00:00,2025-09-27 23:59,23.983333333333334,0.0,1,confirmed
EVT-0126,Meskel (Finding of the True Cross),public_holiday,,Merkato,2025-09-27 00:00,2025-09-27 23:59,23.983333333333334,0.0,1,confirmed
EVT-0126,Meskel (Finding of the True Cross),public_holiday,,Piassa,2025-09-27 00:00,2025-09-27 23:59,23.983333333333334,0.0,1,confirmed
EVT-0126,Meskel (Finding of the True Cross),public_holiday,,Sarbet,2025-09-27 00:00,2025-09-27 23:59,23.983333333333334,0.0,1,confirmed
EVT-0127,Premier league match,football_match,Addis Ababa Stadium,Kazanchis,2025-09-27 15:00,2025-09-27 17:00,2.0,23339.5,1,confirmed
EVT-0135,Road closure (construction),road_closure,,Lideta,2025-10-07 15:00,2025-10-08 09:00,18.0,0.0,1,confirmed
EVT-0135,Road closure (construction),road_closure,,Kazanchis,2025-10-07 15:00,2025-10-08 09:00,18.0,0.0,1,confirmed
EVT-0136,Premier league match,football_match,Addis Ababa Stadium,Kazanchis,2025-10-08 19:00,2025-10-08 21:00,2.0,23339.5,1,confirmed
EVT-0141,Road closure (construction),road_closure,,Bole,2025-10-14 18:00,2025-10-15 05:00,11.0,0.0,1,confirmed
EVT-0142,Live concert,concert,Millennium Hall,Bole,2025-10-16 19:00,2025-10-16 23:00,4.0,7202.5,1,confirmed
EVT-0143,Road closure (construction),road_closure,,Gerji,2025-10-17 02:00,2025-10-18 06:00,28.0,0.0,1,confirmed
EVT-0144,Road closure (construction),road_closure,,CMC,2025-10-17 08:00,2025-10-17 18:00,10.0,0.0,1,confirmed
EVT-0155,Live concert,concert,Millennium Hall,Bole,2025-11-05 19:00,2025-11-05 23:00,4.0,7202.5,1,confirmed
EVT-0158,Road closure (construction),road_closure,,Megenagna,2025-11-10 02:00,2025-11-10 22:00,20.0,0.0,1,confirmed
EVT-0159,Premier league match,football_match,Addis Ababa Stadium,Kazanchis,2025-11-10 19:00,2025-11-10 21:00,2.0,23339.5,1,confirmed
