file,columns,issue,rows_affected,pct_of_rows,fix,why
ride_demand_train.csv,zone,inconsistent spelling/case/whitespace (55 raw labels),32391,37.9,"strip, lowercase, collapse spaces, map to 12 canonical zones",the join keys and zone-level features need exactly one label per zone
ride_demand_train.csv,pickup_hour,"3 timestamp formats (ISO, dd/mm/yyyy, ISO with +03:00)",38574,45.14,parse each format with an explicit strptime format; drop the +03:00 suffix,"the +03:00 suffix means the time is already EAT, so no conversion is needed; slash dates are day-first because no second field exceeds 12"
ride_demand_train.csv,trips,negative trip counts (impossible),681,0.8,"set to missing, row dropped from training",a count cannot be negative; true value unknown
ride_demand_train.csv,trips,missing target,1526,1.79,kept as missing in the hourly grid (not zero); dropped from training rows,imputing a target would teach the model made-up demand
ride_demand_train.csv,trips,"zero-trip hours (kept, plausible at night / new zone)",326,0.38,kept unchanged,genuine low-demand hours; not an error
ride_demand_train.csv,avg_fare_birr,missing fares,1277,1.49,left missing (analysis/demo only; never a model input),"operational column, not available at forecast time"
ride_demand_train.csv,avg_wait_min,sentinel -1 for 'no reading' (impossible negative wait),1707,2.0,set to missing (analysis only; never a model input),a -1 would drag means and correlations (B4.1) towards zero
ride_demand_train.csv,trips,x8 corrupted counts (trips / active_drivers > 2.5; max trips 640),126,0.15,divide by 8 and round to a whole trip count,"not real demand: they sit at 8x the zone-hour norm, mostly outside any event window, and trips/8 restores the normal trips-per-driver ratio; left in, they carry ~half of the squared error"
ride_demand_train.csv,all,"exact duplicate rows (same zone-hour, same values)",481,0.56,drop extra copies,duplicates would double-weight those hours
ride_demand_train.csv,trips + ops columns,duplicate zone-hours with conflicting values,365,0.43,average the copies (one row per zone-hour),no way to tell which copy is right; the mean is the least risky
ride_demand_test.csv,zone,inconsistent spelling/case/whitespace (55 raw labels),1538,38.14,"strip, lowercase, collapse spaces, map to 12 canonical zones",the join keys and zone-level features need exactly one label per zone
ride_demand_test.csv,pickup_hour,"3 timestamp formats (ISO, dd/mm/yyyy, ISO with +03:00)",1771,43.92,parse each format with an explicit strptime format; drop the +03:00 suffix,"the +03:00 suffix means the time is already EAT, so no conversion is needed; slash dates are day-first because no second field exceeds 12"
weather_hourly.csv,timestamp,"2 timestamp formats (ISO with Z, dd/mm/yyyy)",732,9.71,explicit strptime per format,slash rows are also UTC: their daily temperature peak matches the Z rows
weather_hourly.csv,timestamp,"weather clock is UTC, trips are EAT (3 h behind)",7538,100.0,add 3 hours to every weather timestamp,temperature peaks at 12:00 in the file (=15:00 Addis) and rain-demand correlation peaks at +3 h
weather_hourly.csv,rain_mm,sentinel -9999 for 'no reading',76,1.01,"set to missing, then filled with 0 mm and flagged in rain_missing",most hours are dry (median 0); the flag lets the model see the guess
weather_hourly.csv,temp_c,values above 40 (Fahrenheit logged 10-24 July),353,4.68,convert with (F-32)*5/9,Addis never reaches 40 C; converted July values match neighbouring days
weather_hourly.csv,all,duplicate hours with conflicting values,75,0.99,average numeric columns per hour,no basis to prefer either reading
weather_hourly.csv,timestamp,missing hours (gaps in the hourly series),193,2.52,reindex to a full hourly grid; interpolate temp/humidity/wind (max 6 h) then carry forward/back,the join must find a weather row for every zone-hour
weather_hourly.csv,humidity_pct / temp_c,"missing readings (humidity, temperature)",193,2.52,linear interpolation (<=6 h); remaining gaps filled with train-period median,values are smooth hour to hour; medians come from the observed (train) period only
events_calendar.csv,event_type,inconsistent spelling (20 raw labels -> 8),94,56.97,"strip, lowercase, spaces -> underscores",one label per event type
events_calendar.csv,status,inconsistent case / trailing spaces,28,16.97,strip + lowercase,cancelled events are filtered by status
events_calendar.csv,start_datetime / end_datetime,"3 date formats incl. 'Feb 06, 2025 08:00 PM'",86,52.12,explicit strptime per format (dd/mm/yyyy = day-first),avoid month/day swaps; no second field exceeds 12
events_calendar.csv,zone,"spellings, '(subcity)' suffixes, '&' lists, 'Citywide/ALL'",20,12.12,"strip suffix, split on '&', map to canonical zones; Citywide/ALL -> all 12 zones","interval join needs one (event, zone) row per affected zone"
events_calendar.csv,all,"duplicate events (same name, type, start, zones)",11,6.67,"keep the copy with an attendance, then the lowest event_id (not the EVT-9xxx copy)",would double-count the same event
events_calendar.csv,end_datetime,missing end time,4,2.42,end := start + median duration of that event type (learned from valid rows),"windows need an end; duration per type is very regular (football 2 h, concert 4 h); for multi-day exhibitions the median duration is a guess"
events_calendar.csv,end_datetime,end time earlier than the start,1,0.61,end := start + median duration of that event type (learned from valid rows),"windows need an end; duration per type is very regular (football 2 h, concert 4 h); for multi-day exhibitions the median duration is a guess"
events_calendar.csv,expected_attendance,"free text ('approx 34000'), often blank",50,32.47,"extract digits; blanks filled with the median of the same event type; flag kept; types with no attendance at all (public_holiday, road_closure, school_break) get 0, not a global median","crowd size is a useful intensity feature, but a global median would invent a crowd for road closures, holidays and school breaks"
events_calendar.csv,status,events that did not go ahead (cancelled),6,3.9,excluded from event windows (config include_cancelled); footprint checked in B3.4,a cancelled event cannot move riders
ride_demand_train.csv,all,platform outage: 42 consecutive hours with no rows in any zone,504,0.58,left missing in the grid (never zero),an outage is not zero demand
ride_demand_train.csv,zone,zone launched late (Ayat first row 2025-03-15),1752,2.0,no rows created before launch; lags stay missing,the zone did not exist; absent is not zero
