hour,Arat Kilo,Ayat,Bole,CMC,Gerji,Kazanchis,Kolfe,Lideta,Megenagna,Merkato,Piassa,Sarbet
0,3.2028985507246377,4.430817610062893,15.619718309859154,5.974056603773585,5.710280373831775,5.292857142857143,5.625,5.569047619047619,7.981220657276995,4.090277777777778,4.757009345794392,5.011904761904762
1,2.8714285714285714,3.2,12.502347417840376,4.497630331753554,4.332535885167464,4.816901408450704,4.025700934579439,5.73953488372093,7.823943661971831,4.158878504672897,4.2272727272727275,3.557142857142857
2,3.014018691588785,2.7875,10.665876777251185,4.109004739336493,3.826923076923077,4.6350710900473935,3.8461538461538463,5.617788461538462,7.947619047619048,4.190476190476191,3.9904306220095696,3.646511627906977
3,3.1132075471698113,3.089171974522293,14.305164319248826,4.369668246445498,4.246445497630332,4.733644859813084,4.235981308411215,5.886255924170616,8.033333333333333,5.27906976744186,4.064285714285714,3.8696682464454977
4,3.1214285714285714,5.30379746835443,27.64903846153846,7.430952380952381,7.389150943396227,4.753554502369668,6.856459330143541,7.0144927536231885,9.732394366197184,7.894736842105263,4.55023923444976,6.516431924882629
5,5.103365384615385,13.235849056603774,50.44600938967136,19.187793427230048,17.958937198067634,7.808252427184466,16.78921568627451,13.764150943396226,19.490384615384617,16.71813725490196,6.70952380952381,16.1875
6,13.75,26.540625,58.338095238095235,38.705607476635514,36.324644549763036,20.711165048543688,35.56971153846154,30.816901408450704,42.90865384615385,44.13809523809524,19.187203791469194,34.032863849765256
7,33.910377358490564,36.3375,50.901869158878505,53.725118483412324,48.81603773584906,53.761792452830186,47.216981132075475,52.41706161137441,72.8792270531401,72.1611374407583,48.26525821596244,44.809859154929576
8,47.63507109004739,29.37908496732026,42.60189573459716,43.8107476635514,40.75480769230769,72.68333333333334,38.350710900473935,55.14903846153846,74.89485981308411,71.29425837320574,64.6555023923445,36.59903381642512
9,35.026315789473685,18.003225806451614,36.22300469483568,26.95774647887324,24.81516587677725,51.42723004694836,23.687203791469194,39.68571428571428,55.60093896713615,68.49759615384616,48.345971563981045,22.295238095238094
10,16.35952380952381,15.04746835443038,30.014285714285716,20.925837320574164,19.13809523809524,23.667464114832537,18.462616822429908,31.697115384615383,42.15492957746479,78.01913875598086,23.104265402843602,17.9088785046729
11,14.33254716981132,15.49375,31.195121951219512,22.2487922705314,20.66504854368932,21.646341463414632,19.631455399061032,31.576190476190476,43.75598086124402,84.95260663507109,18.75943396226415,18.322274881516588
12,24.23820754716981,15.66875,36.16105769230769,23.53271028037383,21.42654028436019,36.50961538461539,20.556338028169016,34.46919431279621,46.84057971014493,88.7235576923077,32.755868544600936,19.089622641509433
13,32.36904761904762,16.34294871794872,40.073459715639814,22.13768115942029,21.11298076923077,49.429577464788736,20.68867924528302,35.71904761904762,47.824644549763036,89.26666666666667,43.961722488038276,18.928571428571427
14,29.76086956521739,14.7125,37.74407582938389,20.43632075471698,19.334134615384617,44.759433962264154,18.13270142180095,34.22663551401869,46.95518867924528,86.4095238095238,40.363425925925924,17.22748815165877
15,27.242990654205606,14.226415094339623,31.94575471698113,19.675355450236967,19.11320754716981,41.007075471698116,17.876777251184834,33.48341232227488,45.87081339712919,82.45238095238095,39.05980861244019,16.599056603773583
16,39.166666666666664,17.78481012658228,29.914691943127963,25.635922330097088,23.992924528301888,64.39150943396227,22.89018691588785,43.19711538461539,59.779620853080566,70.2843137254902,54.95673076923077,21.214285714285715
17,57.304245283018865,26.173076923076923,36.08056872037915,37.18632075471698,34.320754716981135,94.65238095238095,33.22115384615385,60.26682692307692,80.99514563106796,52.53846153846154,78.94761904761904,30.417840375586856
18,62.149532710280376,33.34394904458599,46.00721153846154,47.12206572769953,44.691588785046726,95.14354066985646,42.46190476190476,66.73598130841121,90.22037914691943,34.421052631578945,84.74528301886792,39.632075471698116
19,50.6244019138756,35.94409937888199,53.139810426540286,49.89099526066351,47.091787439613526,76.83732057416267,43.717703349282296,52.81490384615385,74.11111111111111,20.169811320754718,69.32863849765258,42.70952380952381
20,34.32535885167464,30.314814814814813,54.29342723004695,43.10093896713615,41.00952380952381,53.444186046511625,38.823113207547166,32.03703703703704,43.740566037735846,11.2018779342723,48.492753623188406,36.56872037914692
21,20.804651162790698,21.930817610062892,47.529126213592235,32.306603773584904,30.2311320754717,31.880281690140844,29.05687203791469,16.18867924528302,21.610576923076923,6.1976744186046515,28.2196261682243,27.157894736842106
22,10.443127962085308,14.8,38.77251184834123,19.892018779342724,20.320574162679424,16.542857142857144,18.969483568075116,8.751173708920188,12.05373831775701,4.82311320754717,15.169014084507042,17.44607843137255
23,5.152380952380953,7.49375,29.96933962264151,10.793838862559241,10.530805687203792,7.903755868544601,9.833333333333334,6.509433962264151,8.55607476635514,4.106635071090047,7.528169014084507,8.745283018867925
